40990076,11/20/2018 11:18:04 AM,11/21/2018 02:00:41 PM,11101
40990078,11/20/2018 11:44:00 AM,11/20/2018 12:00:00 PM,11433
40990079,11/20/2018 07:00:00 PM,12/17/2018 01:07:00 PM,11234
40990080,11/20/2018 04:34:00 PM,11/27/2018 12:49:00 PM,11230
40990081,11/20/2018 04:10:00 PM,01/03/2019 12:42:00 PM,11207
40990082,11/20/2018 02:20:00 PM,12/19/2018 01:15:00 PM,11203
40990083,11/20/2018 01:44:00 PM,12/18/2018 11:25:00 AM,11223
40990084,11/20/2018 08:45:00 AM,11/23/2018 06:45:00 AM,10302
40990093,11/20/2018 03:00:13 PM,05/16/2019 05:00:49 PM,11234
40990094,11/20/2018 01:05:00 AM,11/20/2018 02:00:00 AM,10469
40990095,11/20/2018 11:19:00 PM,11/21/2018 12:15:00 AM,11215
40990096,11/20/2018 10:17:00 PM,11/20/2018 11:35:00 PM,11218
40990097,11/20/2018 01:34:09 PM,12/12/2018 07:32:48 AM,11427
40990098,11/20/2018 10:54:03 AM,01/09/2019 12:00:00 AM,11378
40990102,11/20/2018 06:45:02 PM,12/15/2018 02:00:30 PM,11220
40990112,11/19/2018 03:52:00 PM,11/20/2018 12:00:00 PM,11229
40990113,11/19/2018 02:27:00 PM,11/20/2018 12:00:00 PM,11433
40990115,11/20/2018 11:16:00 AM,11/27/2018 01:30:00 PM,
40990117,11/20/2018 05:34:00 PM,11/21/2018 01:18:00 PM,11231
40990118,11/20/2018 03:27:00 PM,11/21/2018 01:17:00 PM,10011
40990100,11/20/2018 01:49:43 PM,12/01/2018 12:00:00 AM,10016
40990119,11/20/2018 04:03:48 PM,12/06/2018 01:06:24 AM,10451
40990124,11/20/2018 10:31:48 PM,11/21/2018 05:38:13 AM,10016
40990125,11/20/2018 09:14:00 AM,11/21/2018 12:00:00 PM,11356
40990126,11/20/2018 12:04:00 AM,11/21/2018 12:00:00 PM,Sidewalk
40990127,11/20/2018 08:33:00 AM,11/23/2018 12:00:00 PM,11372
40990128,11/19/2018 08:00:00 PM,11/29/2018 12:00:00 PM,10036
40990129,11/20/2018 08:57:00 PM,11/21/2018 09:17:00 AM,
40990131,11/20/2018 10:03:00 AM,11/20/2018 12:00:00 PM,11413
40990132,11/20/2018 11:44:36 AM,11/23/2018 12:55:45 PM,10065
40990134,11/20/2018 02:19:00 PM,05/07/2019 04:45:00 PM,11207
40990135,11/20/2018 12:02:00 PM,11/20/2018 12:02:00 PM,10301
40990138,11/20/2018 07:45:19 AM,11/20/2018 12:43:19 PM,11101
40990139,11/20/2018 08:20:02 AM,11/20/2018 10:15:02 AM,11378
40990140,11/20/2018 11:31:22 PM,11/21/2018 01:08:09 AM,10128
40990141,11/20/2018 02:43:55 AM,11/27/2018 01:00:33 PM,11427
40990142,11/20/2018 01:24:00 AM,11/24/2018 01:00:00 AM,11211
40990153,11/20/2018 04:04:31 PM,11/28/2018 08:08:12 AM,10024
40990155,11/20/2018 09:15:50 AM,11/28/2018 01:00:27 PM,11364
40990146,11/20/2018 03:08:37 PM,11/30/2018 12:00:00 AM,11229
40990156,11/19/2018 02:04:00 PM,11/20/2018 12:00:00 PM,10018
40990157,11/20/2018 08:08:00 AM,11/21/2018 12:00:00 PM,11363
40990158,11/20/2018 03:05:43 PM,11/30/2018 12:00:00 AM,11434
40990159,11/19/2018 08:49:15 PM,04/08/2019 12:00:00 AM,
40990162,11/20/2018 05:12:03 PM,11/29/2018 10:58:23 AM,11418
40990171,11/20/2018 04:52:00 PM,11/21/2018 12:00:00 PM,
40990172,11/20/2018 08:33:00 AM,12/02/2018 11:00:00 AM,10017
40990173,11/20/2018 03:52:00 AM,11/20/2018 05:01:00 PM,
40990174,11/20/2018 11:22:00 PM,11/21/2018 09:55:00 AM,11377
40990175,11/20/2018 11:06:00 PM,11/27/2018 10:30:00 PM,11234
40990176,11/20/2018 10:28:00 AM,11/21/2018 01:15:00 PM,10030
40990177,11/20/2018 06:28:00 AM,11/20/2018 12:14:00 PM,11207
40990178,11/20/2018 11:43:00 AM,11/20/2018 12:00:00 PM,11691
40990179,11/20/2018 03:40:44 PM,11/28/2018 05:00:46 PM,11234
40990180,11/20/2018 01:03:00 PM,11/21/2018 12:00:00 PM,10001
40990181,11/20/2018 03:28:18 PM,12/10/2018 09:48:46 AM,11432
40990182,11/20/2018 04:06:00 PM,11/23/2018 10:45:00 AM,10023
40990183,11/20/2018 11:30:12 AM,12/07/2018 08:54:01 AM,11230
40990184,11/20/2018 02:29:31 PM,11/29/2018 03:27:48 PM,11224
40990185,11/20/2018 03:58:22 PM,12/06/2018 04:48:36 PM,10014
40990186,11/20/2018 04:03:31 PM,11/30/2018 11:03:03 AM,11203
40990188,11/20/2018 11:12:00 AM,11/21/2018 12:00:00 PM,10463
40990189,11/20/2018 06:15:00 AM,05/21/2020 03:00:00 AM,11385
40990191,11/20/2018 06:20:25 AM,11/20/2018 06:53:57 AM,11385
40990192,11/21/2018 12:35:42 AM,11/21/2018 02:31:31 AM,10027
40990193,11/20/2018 01:17:35 PM,11/20/2018 04:01:50 PM,11104
40990195,11/20/2018 11:09:00 AM,11/20/2018 12:00:00 PM,10464
40990196,11/19/2018 09:19:00 PM,11/20/2018 12:00:00 PM,10462
40990197,11/19/2018 08:15:00 PM,11/24/2018 12:00:00 PM,11222
40990198,11/20/2018 01:33:00 PM,11/24/2018 12:00:00 PM,11228
40990203,11/20/2018 01:02:47 PM,11/24/2018 12:00:00 AM,11209
40990204,11/20/2018 08:26:58 AM,01/20/2019 06:19:24 AM,10014
40990205,11/20/2018 03:18:05 PM,11/21/2018 12:00:00 AM,11221
40990206,11/20/2018 12:23:08 PM,11/20/2018 01:43:27 PM,10307
40990207,11/20/2018 03:33:00 AM,11/21/2018 10:38:00 AM,10026
40990209,11/20/2018 05:48:12 PM,11/20/2018 06:07:25 PM,11209
40990210,11/20/2018 12:11:59 PM,12/18/2018 07:00:25 AM,10014
40990211,11/20/2018 10:56:00 PM,11/21/2018 10:54:00 AM,10001
40990212,11/20/2018 12:21:00 PM,11/21/2018 11:40:00 AM,11205
40990213,11/20/2018 06:15:00 AM,11/20/2018 08:05:00 AM,11101
40990214,11/20/2018 02:14:00 PM,11/20/2018 02:16:00 PM,10001
40990215,11/20/2018 08:28:34 AM,11/20/2018 02:57:16 PM,10451
40990220,11/20/2018 12:36:41 PM,11/27/2018 12:00:00 AM,11219
40990221,11/20/2018 03:32:21 PM,12/06/2018 09:18:05 AM,11001
40990222,11/20/2018 11:38:48 AM,11/26/2018 03:01:44 PM,11209
40990223,11/20/2018 09:52:19 AM,11/23/2018 01:40:28 PM,10128
40990224,11/20/2018 07:49:28 AM,12/10/2018 02:21:31 PM,11216
40990225,11/20/2018 02:19:07 PM,,11201
40990228,11/20/2018 03:49:11 PM,06/05/2019 12:00:00 AM,11207
40990231,11/21/2018 12:28:55 AM,11/21/2018 03:06:00 AM,10021
40990232,11/21/2018 12:01:10 AM,11/21/2018 03:16:05 AM,10035
40990233,11/20/2018 11:51:38 PM,11/21/2018 04:41:51 AM,10465
40990236,11/20/2018 10:21:59 AM,11/27/2018 08:53:09 AM,10024
40990237,11/20/2018 08:17:00 AM,11/23/2018 09:55:47 AM,11378
40990240,11/20/2018 07:17:34 PM,12/31/2018 09:28:30 AM,11226
40990241,11/20/2018 12:58:13 PM,12/19/2018 04:10:51 PM,11103
40990242,11/20/2018 09:16:16 PM,12/07/2018 10:08:57 AM,11201
40990243,11/20/2018 03:06:01 PM,12/10/2018 12:37:48 PM,11226
40990244,11/20/2018 04:16:47 AM,12/10/2018 08:22:31 AM,11235
40990245,11/20/2018 12:06:03 PM,11/21/2018 03:43:02 PM,11691
40990246,11/20/2018 04:42:14 PM,12/10/2018 03:17:17 PM,10468
40990247,11/20/2018 09:25:04 PM,12/06/2018 06:03:29 PM,11215
40990248,11/20/2018 04:09:29 PM,12/06/2018 08:52:57 AM,10029
40990249,11/20/2018 12:06:03 PM,11/21/2018 03:43:02 PM,11691
40990250,11/20/2018 01:24:25 PM,01/19/2019 10:46:42 AM,10040
40990251,11/20/2018 09:09:19 AM,11/25/2018 02:04:50 AM,10027
40990252,11/20/2018 09:03:51 AM,11/26/2018 10:38:28 AM,11420
40990253,11/20/2018 02:20:06 PM,12/07/2018 10:58:27 AM,10460
40990254,11/20/2018 02:26:30 PM,12/03/2018 10:05:09 AM,10466
40990255,11/20/2018 09:13:58 AM,11/20/2018 12:55:48 PM,10466
40990256,11/20/2018 07:37:04 PM,11/25/2018 05:05:09 PM,11375
40990257,11/20/2018 08:34:12 AM,11/21/2018 04:47:22 PM,10451
40990258,11/20/2018 10:37:35 PM,11/22/2018 05:23:27 PM,11225
40990259,11/20/2018 07:14:47 PM,11/21/2018 08:38:02 AM,11226
40990260,11/20/2018 08:23:31 AM,11/22/2018 02:10:44 AM,10467
40990261,11/20/2018 11:35:32 AM,11/22/2018 12:31:18 PM,11220
40990263,11/20/2018 04:01:18 PM,11/21/2018 02:05:47 AM,10459
40990264,11/20/2018 07:53:50 PM,11/21/2018 08:53:05 PM,10462
40990265,11/20/2018 09:03:51 AM,11/23/2018 11:48:05 AM,11420
40990266,11/20/2018 09:43:28 AM,11/22/2018 11:21:35 AM,11218
40990267,11/20/2018 11:50:56 PM,11/21/2018 10:31:47 AM,11206
40990268,11/20/2018 05:03:19 PM,12/03/2018 07:54:19 AM,11212
40990271,11/20/2018 02:52:50 PM,11/29/2018 12:00:00 AM,11221
40990274,11/20/2018 10:45:42 AM,11/21/2018 03:00:58 PM,11105
40990275,11/20/2018 07:41:26 PM,,10065
40990276,11/20/2018 01:03:52 PM,11/23/2018 11:01:10 AM,10021
40990277,11/20/2018 10:33:37 AM,01/31/2019 01:47:52 PM,11233
40990278,11/20/2018 02:14:56 PM,11/29/2018 02:10:11 AM,11423
40990279,11/20/2018 11:18:38 PM,11/21/2018 10:37:45 AM,10031
40990281,11/18/2018 07:21:17 PM,11/20/2018 11:25:00 AM,
40990283,11/20/2018 05:58:25 AM,11/21/2018 02:05:56 AM,10458
40990284,11/20/2018 08:46:32 PM,11/21/2018 09:39:15 PM,10021
40990285,11/20/2018 07:13:43 AM,11/21/2018 02:07:51 AM,10458
40990286,11/20/2018 07:13:13 AM,11/26/2018 09:06:31 AM,10460
40990287,11/20/2018 07:29:24 PM,11/21/2018 07:01:33 PM,10032
40990288,11/20/2018 11:40:45 PM,11/21/2018 09:50:43 PM,10011
40990290,11/20/2018 08:55:58 PM,11/23/2018 07:29:22 PM,10468
40990292,11/19/2018 02:21:00 PM,11/20/2018 12:00:00 PM,11375
40990294,11/20/2018 01:50:00 AM,11/20/2018 02:15:00 AM,10314
40990296,11/20/2018 02:02:00 PM,11/22/2018 03:10:00 AM,
40990297,11/20/2018 02:36:22 PM,11/21/2018 11:21:03 AM,10472
40990298,11/20/2018 02:47:23 PM,01/07/2019 10:05:42 AM,10467
40990299,11/20/2018 03:18:24 PM,03/11/2019 08:40:17 AM,10463
40990300,11/20/2018 04:50:30 PM,12/09/2018 11:11:56 AM,10467
40990301,11/20/2018 11:25:17 PM,04/15/2019 06:04:25 PM,10458
40990302,11/20/2018 11:14:38 PM,11/21/2018 09:26:28 PM,11223
40990307,11/20/2018 06:09:25 AM,12/05/2018 12:14:03 PM,11374
40990308,11/20/2018 12:13:59 PM,,10014
40990311,11/20/2018 03:11:03 PM,12/03/2018 08:25:13 AM,10460
40990312,11/20/2018 08:51:35 PM,11/29/2018 02:40:01 PM,11226
40990313,11/20/2018 04:42:11 PM,12/04/2018 02:46:16 PM,11203
40990314,11/20/2018 06:06:29 PM,11/27/2018 04:33:30 PM,10465
40990315,11/20/2018 10:57:40 AM,12/03/2018 04:48:08 PM,10459
40990316,11/20/2018 11:47:48 AM,12/01/2018 11:12:10 AM,10460
40990317,11/20/2018 04:10:05 PM,12/07/2018 03:40:27 PM,11432
40990318,11/20/2018 11:46:46 PM,11/29/2018 04:22:34 PM,11365
40990319,11/20/2018 09:08:08 AM,11/22/2018 02:09:02 AM,10472
40990320,11/20/2018 07:16:07 PM,11/23/2018 07:40:11 PM,10454
40990321,11/20/2018 06:04:30 AM,11/21/2018 02:08:14 AM,11216
40990322,11/20/2018 08:29:23 PM,11/22/2018 02:12:35 AM,11207
40990323,11/20/2018 04:45:44 PM,11/24/2018 06:05:48 PM,10466
40990324,11/20/2018 10:42:58 AM,11/22/2018 02:14:19 AM,10452
40990325,11/20/2018 09:13:47 PM,11/25/2018 02:06:10 AM,11385
40990326,11/20/2018 07:32:00 PM,11/20/2018 07:57:00 PM,11361
40990327,11/20/2018 03:43:00 PM,11/20/2018 04:00:00 PM,11361
40990328,11/20/2018 08:09:17 AM,11/25/2018 05:03:56 PM,11435
40990329,11/20/2018 10:17:17 PM,11/24/2018 02:06:39 AM,11691
40990330,11/20/2018 10:28:24 PM,11/22/2018 04:27:33 PM,10458
40990331,11/20/2018 09:13:49 AM,11/21/2018 02:09:23 AM,11210
40990332,11/20/2018 09:11:20 AM,11/23/2018 11:48:05 AM,11420
40990333,11/20/2018 11:14:38 PM,11/21/2018 09:26:27 PM,11223
40990334,11/20/2018 06:29:38 AM,11/20/2018 10:02:12 AM,10031
40990335,11/20/2018 09:54:00 PM,11/21/2018 09:20:00 PM,10001
40990336,11/20/2018 02:12:00 PM,12/01/2018 06:59:00 AM,11361
40990337,11/20/2018 01:40:59 AM,11/20/2018 10:55:31 AM,10468
40990338,11/20/2018 11:59:20 AM,11/20/2018 08:31:48 PM,10027
40990339,11/20/2018 06:36:28 AM,11/25/2018 08:48:40 AM,11204
40990340,11/20/2018 09:28:14 PM,11/24/2018 06:10:46 PM,11372
40990341,11/20/2018 06:21:44 AM,11/22/2018 02:10:10 AM,11432
40990342,11/20/2018 07:14:18 PM,11/21/2018 07:01:33 PM,10032
40990343,11/20/2018 10:11:21 PM,11/22/2018 02:13:29 AM,11236
40990344,11/20/2018 10:07:04 PM,11/24/2018 02:06:13 AM,10463
40990345,11/20/2018 07:32:12 PM,11/21/2018 06:55:15 PM,10031
40990346,11/20/2018 05:36:15 AM,11/22/2018 02:06:28 AM,10030
40990347,11/20/2018 04:03:09 PM,11/21/2018 02:05:56 AM,10458
40990348,11/20/2018 10:27:21 PM,11/22/2018 02:13:29 AM,11236
40990349,11/20/2018 12:36:39 PM,11/22/2018 02:12:09 AM,11421
40990351,11/20/2018 12:51:00 PM,11/24/2018 12:00:00 PM,11231
40990352,11/20/2018 09:56:00 AM,11/29/2018 12:00:00 PM,11234
40990353,11/20/2018 05:04:20 AM,11/20/2018 07:24:25 AM,11692
40990354,11/20/2018 08:28:42 AM,11/20/2018 03:28:36 PM,10306
40990355,11/20/2018 10:25:56 AM,11/20/2018 11:36:54 AM,11693
40990357,11/20/2018 09:53:43 PM,11/21/2018 12:31:35 AM,11207
40990358,11/20/2018 12:03:55 PM,11/20/2018 09:31:57 PM,11218
40990359,11/20/2018 08:09:32 PM,11/21/2018 12:35:37 AM,10472
40990361,11/20/2018 07:08:49 AM,11/20/2018 08:36:44 AM,11225
40990362,11/20/2018 10:00:08 AM,11/20/2018 12:42:16 PM,11436
40990364,11/20/2018 09:49:59 AM,11/20/2018 06:48:07 PM,11216
40990366,11/20/2018 11:18:16 PM,12/18/2018 12:21:10 PM,11426
40990367,11/20/2018 10:24:20 AM,11/20/2018 12:20:10 PM,11378
40990368,11/20/2018 06:50:55 PM,11/20/2018 10:51:10 PM,10027
40990369,11/20/2018 01:12:44 PM,11/20/2018 06:27:47 PM,10023
40990370,11/20/2018 12:50:59 PM,11/20/2018 06:13:33 PM,11223
40990371,11/20/2018 11:11:21 PM,,10001
40990372,11/20/2018 07:23:56 PM,02/19/2019 12:07:46 PM,10009
40990373,11/20/2018 03:20:11 PM,04/17/2019 04:08:06 PM,10075
40990377,11/20/2018 12:04:06 PM,11/20/2018 11:16:39 PM,11102
40990378,11/20/2018 10:05:53 PM,11/21/2018 02:57:54 AM,10461
40990379,11/20/2018 04:46:02 PM,11/23/2018 07:37:40 AM,11216
40990382,11/19/2018 06:12:00 PM,11/19/2018 06:12:00 PM,11367
40990383,11/20/2018 12:20:00 PM,11/20/2018 12:20:00 PM,11203
40990384,11/20/2018 10:21:38 PM,11/22/2018 11:02:49 AM,10033
40990385,11/20/2018 01:00:54 PM,11/20/2018 05:03:00 PM,10002
40990386,11/20/2018 09:46:00 PM,11/23/2018 02:16:00 PM,11215
40990387,11/20/2018 09:11:00 PM,11/30/2018 12:00:00 AM,11694
40990388,11/20/2018 09:06:00 PM,11/28/2018 12:00:00 AM,11214
40990389,11/20/2018 08:24:40 PM,11/23/2018 09:22:56 AM,10456
40990390,11/20/2018 04:31:01 PM,11/20/2018 06:15:52 PM,10025
40990391,11/20/2018 09:40:47 AM,02/10/2019 10:18:05 AM,10031
40990392,11/20/2018 12:44:29 PM,11/28/2018 12:41:36 PM,10453
40990393,11/20/2018 08:29:00 PM,11/24/2018 12:00:00 AM,11215
40990394,11/20/2018 11:46:00 PM,11/22/2018 12:00:00 AM,10301
40990395,11/20/2018 07:54:01 AM,11/20/2018 09:27:40 PM,10032
40990396,11/20/2018 06:53:00 PM,11/20/2018 07:39:00 PM,11361
40990397,11/20/2018 06:49:00 PM,11/20/2018 07:41:00 PM,11361
40990398,11/20/2018 12:01:00 PM,11/20/2018 12:01:00 PM,11361
40990399,11/20/2018 02:13:10 PM,12/03/2018 10:05:08 AM,10466
40990400,11/20/2018 04:36:00 PM,11/22/2018 12:00:00 AM,10016
40990401,11/20/2018 04:26:00 PM,11/24/2018 12:00:00 AM,11358
40990402,11/20/2018 03:16:00 PM,11/27/2018 12:00:00 AM,11416
40990403,11/20/2018 02:49:00 PM,11/22/2018 12:00:00 AM,11378
40990404,11/20/2018 01:11:00 PM,11/24/2018 12:00:00 AM,11224
40990405,11/20/2018 12:39:00 PM,11/22/2018 12:00:00 AM,11219
40990406,11/20/2018 12:35:00 PM,12/09/2018 12:00:00 AM,11236
40990407,11/20/2018 02:08:00 PM,12/27/2018 12:49:00 PM,11361
40990408,11/20/2018 11:44:00 AM,11/22/2018 12:00:00 AM,10457
40990409,11/20/2018 10:37:00 AM,11/24/2018 12:00:00 AM,11229
40990410,11/20/2018 09:03:00 AM,11/25/2018 12:00:00 AM,10027
40990411,11/20/2018 07:28:00 PM,11/22/2018 12:00:00 AM,10462
40990412,11/20/2018 05:57:00 PM,11/27/2018 12:00:00 AM,11433
40990413,11/20/2018 11:36:00 AM,12/03/2018 08:25:31 AM,11220
40990414,11/20/2018 04:17:43 PM,11/22/2018 02:07:46 AM,10457
40990418,11/20/2018 07:13:28 PM,11/21/2018 07:01:44 PM,10002
40990421,11/20/2018 06:42:02 PM,11/23/2018 10:33:39 AM,11218
40990423,11/21/2018 01:41:55 AM,11/21/2018 09:20:55 AM,11212
40990426,11/20/2018 05:44:40 AM,11/20/2018 06:39:47 AM,11230
40990427,11/20/2018 07:49:49 PM,11/20/2018 08:07:41 PM,10312
40990428,11/20/2018 05:17:00 PM,11/20/2018 08:26:00 PM,11103
40990429,11/20/2018 11:30:10 AM,11/21/2018 11:22:19 AM,10463
40990430,11/20/2018 10:14:13 PM,11/21/2018 07:43:01 PM,10009
40990431,11/20/2018 01:47:41 AM,11/23/2018 03:15:06 PM,11366
40990432,11/20/2018 01:47:26 AM,11/23/2018 09:48:28 AM,10456
40990433,11/20/2018 06:48:12 PM,11/20/2018 10:31:52 PM,11234
40990434,11/20/2018 09:22:30 AM,11/20/2018 10:09:47 AM,11433
40990435,11/20/2018 08:28:18 PM,11/20/2018 11:15:38 PM,10025
40990436,11/20/2018 08:03:28 AM,11/20/2018 10:07:41 AM,10473
40990437,11/20/2018 09:53:13 AM,11/20/2018 01:15:21 PM,11102
40990438,11/20/2018 09:25:51 PM,11/20/2018 10:37:58 PM,11204
40990439,11/20/2018 10:29:57 PM,11/22/2018 02:12:40 AM,11218
40990440,11/20/2018 10:46:59 PM,11/21/2018 02:27:28 AM,10304
40990441,11/20/2018 12:06:22 PM,11/20/2018 01:19:29 PM,11231
40990442,11/20/2018 05:09:09 AM,11/20/2018 05:21:33 AM,11356
40990443,11/20/2018 08:43:00 AM,11/21/2018 10:20:00 AM,11379
40990444,11/20/2018 01:14:00 PM,11/28/2018 05:45:00 PM,11360
40990445,11/20/2018 05:45:52 PM,11/20/2018 07:38:12 PM,11434
40990446,11/20/2018 07:07:12 PM,11/21/2018 01:47:49 AM,11374
40990447,11/20/2018 01:02:40 PM,11/20/2018 05:14:18 PM,11416
40990448,11/20/2018 01:26:22 PM,11/20/2018 03:20:56 PM,10031
40990449,11/20/2018 09:43:43 AM,11/20/2018 11:22:45 AM,11354
40990451,11/20/2018 08:16:01 AM,11/20/2018 07:34:07 PM,11377
40990452,11/20/2018 04:00:32 PM,11/20/2018 05:29:36 PM,11429
40990453,11/20/2018 03:24:13 AM,11/20/2018 05:52:47 AM,11102
40990454,11/20/2018 02:41:28 PM,11/20/2018 08:11:46 PM,11417
40990455,11/20/2018 09:18:07 PM,11/21/2018 05:21:05 AM,11217
40990456,11/20/2018 06:39:09 AM,11/21/2018 01:00:48 PM,11357
40990457,11/20/2018 12:06:03 PM,11/21/2018 03:43:02 PM,11691
40990458,11/20/2018 12:31:40 PM,11/24/2018 02:06:27 AM,11435
40990459,11/20/2018 09:29:12 AM,11/27/2018 08:07:49 AM,10468
40990460,11/20/2018 08:34:00 AM,11/20/2018 08:34:00 AM,11236
40990462,11/19/2018 08:29:00 PM,11/19/2018 08:29:00 PM,11421
40990463,11/20/2018 10:57:40 AM,12/03/2018 04:48:07 PM,10459
40990464,11/20/2018 07:45:00 AM,11/20/2018 07:45:00 AM,11236
40990465,11/20/2018 11:05:12 PM,11/21/2018 05:38:14 AM,10011
40990466,11/20/2018 10:23:00 PM,11/22/2018 12:00:00 AM,10031
40990467,11/20/2018 08:52:00 PM,11/24/2018 12:00:00 AM,10465
40990468,11/21/2018 12:12:17 AM,11/21/2018 06:15:34 AM,10032
40990469,11/20/2018 11:36:21 PM,11/21/2018 02:54:52 AM,10030
40990471,11/20/2018 12:00:00 AM,11/30/2018 12:00:00 AM,11360
40990472,11/20/2018 11:36:00 AM,12/03/2018 08:25:31 AM,11220
40990475,11/20/2018 06:49:38 PM,12/08/2018 02:12:00 PM,11228
40990476,11/20/2018 04:28:58 PM,11/23/2018 01:11:03 PM,11226
40990477,11/20/2018 02:14:08 PM,12/12/2018 06:53:12 PM,11206
40990480,11/20/2018 04:54:00 PM,11/22/2018 12:00:00 AM,11238
40990478,10/25/2018 11:53:35 AM,11/27/2018 12:00:00 AM,11372
40990481,11/20/2018 01:30:32 AM,11/26/2018 02:05:34 AM,11214
40990482,11/20/2018 11:03:31 PM,12/07/2018 01:25:01 PM,11205
40990483,11/20/2018 01:38:00 PM,11/25/2018 12:00:00 AM,11364
40990484,11/20/2018 01:33:00 PM,11/25/2018 12:00:00 AM,11213
40990485,11/20/2018 01:15:00 PM,11/28/2018 12:00:00 AM,11378
40990486,11/20/2018 01:10:00 PM,11/22/2018 12:00:00 AM,10459
40990488,11/20/2018 12:36:00 PM,12/02/2018 12:00:00 AM,10019
40990489,11/20/2018 11:52:00 AM,11/28/2018 12:00:00 AM,11222
40990490,11/20/2018 11:22:00 AM,11/24/2018 12:00:00 AM,11417
40990491,11/20/2018 02:09:00 PM,11/20/2018 02:09:00 PM,11231
40990492,11/20/2018 11:22:00 AM,11/20/2018 11:28:00 AM,11361
40990493,11/20/2018 11:16:09 AM,12/28/2018 09:10:40 AM,10468
40990494,11/20/2018 07:03:00 PM,11/24/2018 12:00:00 AM,11418
40990495,11/20/2018 05:50:00 PM,11/24/2018 12:00:00 AM,11102
40990496,11/20/2018 02:04:05 PM,11/27/2018 06:05:43 PM,11235
40990497,11/20/2018 03:20:07 PM,11/28/2018 01:51:57 PM,10456
40990498,11/20/2018 11:30:01 AM,04/19/2019 09:16:37 AM,10466
40990501,11/20/2018 01:37:18 PM,12/17/2018 09:39:20 AM,11233
40990502,11/20/2018 11:43:35 PM,12/10/2018 08:22:32 AM,11212
40990504,11/20/2018 11:58:11 AM,12/13/2018 08:16:31 AM,10451
40990506,11/20/2018 04:03:34 PM,01/17/2019 08:36:24 AM,10460
40990509,11/20/2018 03:20:07 PM,11/28/2018 01:51:58 PM,10456
40990510,11/20/2018 09:51:20 AM,02/25/2019 08:49:18 AM,10455
40990511,11/20/2018 10:40:00 AM,,10308
40990512,11/20/2018 08:59:15 AM,,10031
40990514,11/20/2018 12:57:00 PM,11/20/2018 12:57:00 PM,10012
40990518,11/20/2018 01:54:44 PM,11/22/2018 05:50:24 AM,10466
40990519,11/20/2018 02:53:00 PM,11/20/2018 09:42:06 PM,11412
40990522,11/20/2018 09:40:47 AM,02/10/2019 10:18:05 AM,10031
40990523,11/20/2018 10:27:16 AM,11/20/2018 01:20:32 PM,10038
40990524,11/20/2018 07:20:00 AM,11/20/2018 08:30:00 AM,11372
40990525,11/20/2018 05:10:13 PM,11/28/2018 02:06:02 AM,10455
40990526,11/20/2018 07:22:02 AM,01/18/2019 06:01:47 PM,10040
40990527,11/20/2018 09:17:00 AM,11/21/2018 10:15:00 AM,11357
40990529,11/20/2018 08:29:45 PM,01/13/2020 11:59:10 AM,10039
40990530,11/21/2018 12:10:41 AM,11/21/2018 12:31:34 AM,10452
40990531,11/21/2018 01:14:30 AM,11/21/2018 02:54:53 AM,10030
40990532,11/20/2018 11:42:37 PM,11/21/2018 01:46:48 AM,10466
40990533,11/20/2018 06:09:11 PM,11/20/2018 07:00:20 PM,10031
40990534,11/20/2018 10:48:05 PM,11/21/2018 02:28:28 AM,11237
40990535,11/20/2018 07:26:20 AM,11/20/2018 01:11:14 PM,10002
40990536,11/20/2018 05:10:02 PM,12/03/2018 08:25:31 AM,11206
40990537,11/20/2018 04:02:20 PM,12/06/2018 02:13:46 PM,10467
40990538,11/20/2018 07:07:54 AM,11/21/2018 04:30:18 PM,10452
40990539,11/21/2018 02:14:09 AM,11/21/2018 04:06:34 AM,10013
40990540,11/20/2018 11:12:08 PM,11/21/2018 05:03:01 AM,11211
40990541,11/20/2018 03:59:58 PM,12/31/2018 10:48:16 AM,10453
40990542,11/20/2018 12:00:00 AM,11/30/2018 12:00:00 AM,11231
40990544,11/20/2018 08:00:26 AM,11/20/2018 11:27:12 AM,11204
40990547,11/20/2018 05:11:33 PM,11/20/2018 09:47:11 PM,11385
40990548,11/20/2018 09:33:21 PM,11/20/2018 11:47:03 PM,10029
40990550,11/20/2018 09:56:05 AM,,11435
40990551,11/20/2018 08:42:06 PM,11/21/2018 02:37:56 PM,10468
40990553,11/20/2018 04:04:27 AM,11/20/2018 04:45:25 AM,10009
40990555,11/19/2018 08:15:47 PM,12/28/2018 12:00:00 AM,11208
40990556,11/20/2018 11:29:55 AM,11/20/2018 11:29:55 AM,
40990557,11/20/2018 09:35:49 AM,11/20/2018 09:35:49 AM,
40990558,11/20/2018 05:46:04 PM,11/20/2018 07:16:48 PM,10026
40990559,11/20/2018 11:01:32 AM,11/20/2018 04:18:45 PM,11377
40990561,11/20/2018 11:53:00 AM,11/20/2018 12:52:29 PM,10021
40990562,11/20/2018 09:23:00 AM,01/15/2019 10:40:00 AM,11421
40990563,11/20/2018 06:07:13 AM,11/20/2018 07:11:18 AM,11230
40990564,11/20/2018 04:49:03 PM,11/20/2018 10:54:13 PM,11211
40990565,11/20/2018 11:28:45 PM,11/21/2018 12:29:32 AM,10036
40990566,11/20/2018 03:09:48 AM,11/20/2018 07:52:02 AM,10012
40990567,11/20/2018 01:10:00 PM,11/20/2018 01:10:00 PM,11375
40990568,11/20/2018 04:32:00 PM,11/20/2018 05:09:00 PM,11226
40990569,11/20/2018 10:28:26 PM,12/03/2018 08:25:31 AM,11212
40990570,11/20/2018 10:53:20 AM,11/20/2018 12:21:16 PM,11378
40990572,11/20/2018 09:18:00 AM,11/20/2018 12:00:00 PM,11210
40990573,11/20/2018 08:17:21 PM,12/06/2018 11:13:07 AM,11225
40990574,11/20/2018 02:45:19 PM,12/17/2018 09:39:20 AM,11207
40990575,11/20/2018 03:35:23 PM,12/03/2018 09:33:47 AM,10456
40990576,11/20/2018 08:26:00 AM,11/23/2018 12:00:00 PM,10303
40990577,11/20/2018 10:03:00 AM,11/23/2018 12:00:00 PM,10032
40990578,11/20/2018 08:25:00 AM,11/23/2018 12:00:00 PM,10470
40990579,11/20/2018 11:57:43 AM,12/04/2018 12:12:04 PM,11234
40990580,11/20/2018 09:43:00 AM,03/20/2019 11:03:00 AM,10306
40990581,11/20/2018 09:01:00 PM,11/22/2018 12:05:00 AM,10467
40990582,11/20/2018 11:32:00 PM,11/27/2018 08:48:00 AM,10306
40990583,11/20/2018 03:34:58 PM,12/14/2018 08:26:57 AM,10459
40990584,11/20/2018 11:01:04 AM,11/20/2018 11:32:05 AM,10019
40990585,11/20/2018 07:49:44 AM,11/20/2018 08:41:03 AM,10012
40990586,11/20/2018 03:03:02 PM,12/01/2018 01:32:21 PM,11235
40990587,11/20/2018 09:43:28 AM,12/03/2018 08:22:13 AM,11226
40990588,11/20/2018 05:03:19 PM,12/03/2018 07:54:19 AM,11212
40990590,11/20/2018 08:21:17 AM,11/30/2018 08:20:00 AM,11236
40990593,11/20/2018 08:43:54 AM,12/13/2018 08:03:02 AM,10025
40990594,11/20/2018 09:33:27 AM,11/20/2018 08:06:40 PM,11358
40990595,11/20/2018 12:07:00 PM,11/23/2018 12:00:00 PM,10458
40990596,11/20/2018 02:09:53 PM,12/18/2018 03:15:33 PM,10460
40990597,11/20/2018 12:43:23 PM,12/21/2018 08:52:21 AM,10459
40990601,11/20/2018 04:49:08 PM,12/20/2018 09:05:10 AM,11224
40990607,11/20/2018 10:39:27 PM,11/20/2018 11:28:51 PM,11378
40990609,11/20/2018 11:15:53 AM,12/03/2018 08:25:30 AM,11215
40990610,11/20/2018 11:44:19 PM,11/21/2018 11:22:54 AM,10467
40990611,11/20/2018 09:02:58 AM,11/20/2018 04:01:50 PM,11105
40990612,11/20/2018 01:36:29 PM,11/20/2018 02:47:12 PM,11214
40990613,11/20/2018 08:52:03 AM,11/20/2018 10:01:01 AM,11236
40990614,11/20/2018 07:38:42 PM,11/20/2018 10:23:44 PM,11435
40990615,11/20/2018 09:03:59 PM,11/21/2018 01:38:40 AM,11374
40990618,11/20/2018 08:36:25 PM,11/20/2018 09:59:23 PM,10462
40990619,11/20/2018 02:20:17 AM,11/20/2018 03:55:02 AM,11432
40990620,11/20/2018 11:06:13 PM,11/20/2018 11:58:10 PM,10012
40990622,11/20/2018 04:22:38 PM,11/20/2018 10:57:18 PM,10462
40990623,11/20/2018 07:39:38 AM,11/20/2018 08:56:07 AM,11357
40990624,11/20/2018 06:24:27 PM,11/20/2018 09:59:23 PM,11207
40990625,11/20/2018 01:45:15 PM,11/20/2018 08:15:50 PM,10035
40990626,11/20/2018 03:34:14 PM,11/20/2018 05:30:38 PM,10027
40990627,11/20/2018 08:07:33 PM,11/21/2018 04:39:31 PM,10456
40990628,11/20/2018 07:26:53 PM,11/20/2018 11:35:56 PM,11416
40990629,11/20/2018 08:18:58 PM,11/20/2018 10:02:26 PM,11385
40990630,11/20/2018 11:35:59 AM,11/20/2018 01:32:04 PM,11375
40990633,11/20/2018 04:14:36 PM,11/20/2018 06:50:10 PM,10001
40990634,11/20/2018 11:08:55 PM,11/21/2018 05:25:08 AM,11210
40990635,11/20/2018 10:17:00 AM,11/20/2018 11:39:00 AM,11224
40990636,11/19/2018 08:30:43 PM,12/06/2018 12:00:00 AM,11385
40990637,11/20/2018 07:14:56 PM,11/21/2018 12:52:48 AM,10035
40990638,11/20/2018 03:34:58 AM,11/20/2018 04:05:08 AM,11220
40990639,11/20/2018 12:00:00 AM,11/29/2018 12:00:00 AM,11221
40990640,11/20/2018 09:12:00 AM,11/20/2018 12:00:00 PM,11363
40990641,11/20/2018 01:18:00 PM,11/24/2018 12:00:00 PM,11211
40990642,11/20/2018 09:56:00 AM,11/23/2018 12:00:00 PM,11102
40990643,11/20/2018 09:54:00 AM,11/23/2018 12:00:00 PM,11219
40990644,11/20/2018 08:50:00 AM,11/23/2018 12:00:00 PM,10309
40990645,11/20/2018 01:06:00 PM,11/20/2018 01:06:00 PM,11414
40990646,11/20/2018 02:52:29 PM,11/23/2018 05:34:11 PM,11214
40990647,11/20/2018 09:48:00 AM,12/05/2018 02:45:00 PM,11215
40990650,11/20/2018 11:59:27 AM,11/20/2018 12:35:01 PM,11369
40990651,11/20/2018 10:19:25 AM,11/20/2018 11:31:39 AM,10022
40990652,11/20/2018 09:16:39 AM,11/20/2018 10:23:27 AM,11205
40990654,11/20/2018 07:27:39 PM,11/20/2018 09:34:59 PM,10026
40990655,11/20/2018 12:11:28 PM,11/20/2018 07:42:15 PM,10002
40990656,11/20/2018 01:24:00 AM,12/03/2018 11:30:00 PM,10016
40990657,11/20/2018 05:43:22 PM,11/23/2018 11:05:00 AM,
40990659,11/20/2018 11:11:44 AM,02/01/2019 07:00:52 AM,10469
40990660,11/20/2018 11:44:00 AM,11/20/2018 12:00:00 PM,11234
40990661,11/19/2018 05:49:00 PM,11/20/2018 12:00:00 PM,10036
40990662,11/20/2018 07:25:40 AM,11/21/2018 04:23:05 PM,10011
40990663,11/20/2018 08:36:06 AM,11/27/2018 08:59:19 AM,10012
40990664,11/19/2018 03:10:00 PM,11/20/2018 12:00:00 PM,11236
40990665,11/20/2018 12:11:00 PM,11/20/2018 09:35:00 PM,11229
40990666,11/19/2018 02:20:00 PM,11/19/2018 02:20:00 PM,11230
40990667,11/20/2018 08:50:00 AM,11/20/2018 12:00:00 PM,11203
40990668,11/20/2018 09:52:00 AM,11/21/2018 12:00:00 PM,11211
40990671,11/20/2018 02:09:04 PM,11/20/2018 02:19:13 PM,11204
40990673,11/20/2018 02:51:38 AM,11/20/2018 03:48:56 AM,11101
40990674,11/20/2018 05:59:19 PM,11/20/2018 11:06:28 PM,11214
40990675,11/21/2018 12:06:30 AM,11/21/2018 01:38:40 AM,11106
40990676,11/20/2018 04:10:00 PM,11/23/2018 01:06:00 PM,10301
40990677,11/20/2018 10:45:20 AM,11/23/2018 11:34:03 AM,11433
40990678,11/20/2018 07:08:51 PM,11/20/2018 09:16:47 PM,11229
40990679,11/20/2018 06:34:42 PM,11/20/2018 10:53:12 PM,11419
40990680,11/20/2018 02:24:01 AM,11/20/2018 06:06:05 AM,11229
40990681,11/21/2018 01:34:00 AM,11/21/2018 02:22:24 AM,11412
40990682,11/20/2018 09:20:44 AM,11/20/2018 09:52:49 AM,11385
40990683,11/20/2018 02:26:54 PM,11/21/2018 12:44:42 AM,11420
40990686,11/20/2018 10:10:56 AM,11/30/2018 04:55:06 PM,11375
40990689,11/20/2018 01:44:25 PM,02/05/2019 12:00:00 AM,10453
40990691,11/20/2018 11:27:17 AM,04/03/2020 10:05:38 AM,11230
40990692,11/20/2018 09:39:00 AM,11/25/2018 12:00:00 AM,10128
40990693,11/19/2018 08:36:00 AM,11/21/2018 12:00:00 PM,11695
40990694,11/20/2018 09:33:00 AM,11/21/2018 12:48:00 PM,10309
40990695,11/20/2018 09:25:00 AM,12/03/2018 10:11:00 AM,11368
40990696,11/20/2018 09:04:00 AM,11/26/2018 12:24:00 PM,11216
40990697,11/20/2018 12:14:35 PM,12/06/2018 01:06:25 AM,11101
40990698,11/20/2018 02:44:48 PM,11/21/2018 11:04:00 AM,10462
40990699,11/20/2018 10:37:00 AM,11/26/2018 12:00:00 PM,11217
40990700,11/20/2018 09:39:00 AM,11/24/2018 12:00:00 PM,10308
40990702,11/20/2018 12:08:00 PM,11/21/2018 12:00:00 PM,11433
40990703,11/20/2018 10:54:00 AM,11/21/2018 12:00:00 PM,10312
40990706,11/20/2018 02:45:00 PM,03/08/2019 07:14:00 AM,11215
40990707,11/20/2018 03:59:00 PM,11/20/2018 05:15:00 PM,11207
40990708,11/20/2018 09:53:00 AM,11/20/2018 11:25:00 AM,11221
40990709,11/20/2018 09:40:00 AM,11/20/2018 10:55:00 AM,11211
40990710,11/20/2018 12:26:00 PM,11/20/2018 02:05:00 PM,10306
40990711,11/20/2018 03:31:00 PM,11/20/2018 05:30:00 PM,11379
40990714,11/20/2018 01:41:58 PM,12/12/2018 02:00:46 PM,11426
40990717,11/20/2018 01:48:00 AM,11/22/2018 03:15:00 AM,11427
40990718,11/20/2018 10:14:30 AM,01/15/2019 02:23:09 PM,11372
40990719,11/20/2018 10:49:48 AM,11/21/2018 07:04:50 PM,10151
40990722,11/20/2018 02:33:52 AM,11/21/2018 09:15:48 AM,11215
40990726,11/20/2018 04:47:00 PM,11/21/2018 01:18:00 PM,11226
40990727,11/20/2018 10:16:00 AM,11/21/2018 01:16:00 PM,10466
40990728,11/20/2018 11:24:00 PM,11/21/2018 11:02:00 AM,10451
40990729,11/20/2018 06:26:06 PM,01/24/2019 12:00:00 AM,11357
40990730,11/20/2018 10:20:55 AM,12/04/2018 12:00:00 AM,11216
40990731,11/20/2018 11:39:00 AM,11/20/2018 11:39:00 AM,11208
40990732,11/20/2018 08:52:11 PM,11/23/2018 11:34:01 AM,11232
40990733,11/19/2018 11:59:00 PM,11/26/2018 12:00:00 PM,Sidewalk
40990734,11/20/2018 09:42:00 AM,11/21/2018 12:00:00 PM,11215
40990735,11/19/2018 04:47:00 PM,11/21/2018 12:00:00 PM,11436
40990736,11/20/2018 09:18:27 AM,12/02/2018 11:52:26 AM,10025
40990737,11/20/2018 06:53:00 AM,11/20/2018 12:00:00 PM,10021
40990738,11/20/2018 09:38:00 PM,11/27/2018 09:30:00 PM,11211
40990739,11/20/2018 03:55:00 PM,11/20/2018 07:30:00 PM,
40990740,11/20/2018 03:45:00 PM,11/23/2018 02:00:00 PM,10028
40990742,11/20/2018 07:36:00 AM,12/01/2018 10:53:00 AM,10019
40990744,11/20/2018 03:34:00 AM,11/23/2018 11:00:00 PM,10012
40990745,11/20/2018 01:41:00 AM,11/23/2018 09:30:00 PM,11226
40990746,11/20/2018 06:50:00 AM,11/23/2018 02:45:00 PM,10026
40990747,11/20/2018 10:55:33 AM,11/21/2018 06:42:37 PM,10016
40990750,11/20/2018 12:16:28 PM,12/05/2018 12:09:57 PM,10312
40990751,11/20/2018 04:13:05 PM,11/21/2018 02:04:57 PM,10453
40990756,11/20/2018 01:22:11 PM,11/26/2018 12:32:54 PM,11220
40990757,11/20/2018 11:49:47 AM,11/21/2018 03:33:53 PM,10003
40990760,11/19/2018 03:14:00 PM,11/20/2018 12:00:00 PM,11219
40990761,11/19/2018 03:18:00 PM,11/20/2018 12:00:00 PM,11691
40990762,11/20/2018 12:48:00 PM,11/21/2018 01:00:00 PM,
40990763,11/20/2018 02:57:00 PM,11/20/2018 04:15:00 PM,10003
40990764,11/20/2018 01:29:00 PM,11/23/2018 12:00:00 PM,10475
40990765,11/20/2018 02:02:00 PM,01/03/2019 11:30:00 AM,
40990767,11/20/2018 05:37:22 PM,11/20/2018 07:28:00 PM,10010
40990768,11/21/2018 01:23:52 AM,11/21/2018 02:13:15 AM,11385
40990769,11/20/2018 08:11:22 AM,11/20/2018 12:47:22 PM,11218
40990773,11/19/2018 09:13:00 PM,11/20/2018 12:00:00 PM,10462
40990774,11/20/2018 01:06:00 PM,11/24/2018 12:00:00 PM,11221
40990775,11/20/2018 10:34:00 AM,11/21/2018 12:00:00 PM,11421
40990776,11/20/2018 07:25:09 AM,01/03/2019 12:00:00 AM,10308
40990777,11/20/2018 04:16:15 PM,01/22/2019 12:00:00 AM,11216
40990779,11/20/2018 12:39:45 PM,01/05/2019 12:00:00 AM,11214
40990780,11/20/2018 02:21:15 PM,01/03/2019 12:00:00 AM,10473
40990781,11/20/2018 01:02:00 AM,11/20/2018 08:30:00 PM,11367
40990782,11/20/2018 11:52:00 PM,11/21/2018 10:53:00 AM,10011
40990783,11/20/2018 06:25:00 PM,11/21/2018 10:55:00 AM,10031
40990784,11/20/2018 12:22:00 PM,11/23/2018 09:15:00 AM,10023
40990785,11/20/2018 03:16:37 PM,01/23/2019 12:00:00 AM,11366
40990786,11/20/2018 07:39:00 AM,01/07/2019 10:54:00 AM,11418
40990788,11/20/2018 02:55:04 PM,11/28/2018 12:00:00 AM,10467
40990789,11/20/2018 05:26:01 PM,12/07/2018 10:47:00 AM,10003
40990790,11/20/2018 03:09:55 PM,11/30/2018 08:43:06 AM,11413
40990791,11/20/2018 03:46:58 PM,12/04/2018 11:31:09 AM,10464
40990792,11/20/2018 06:28:28 AM,11/21/2018 10:38:32 AM,11216
40990798,11/20/2018 02:11:11 PM,12/11/2018 03:42:26 PM,11201
40990800,11/19/2018 03:01:00 PM,11/24/2018 12:00:00 PM,11219
40990801,11/20/2018 11:58:00 AM,11/23/2018 12:00:00 PM,10475
40990802,11/20/2018 10:25:53 AM,11/25/2018 07:56:39 AM,10021
40990803,11/20/2018 03:07:04 AM,11/20/2018 04:03:55 PM,11201
40990810,11/20/2018 11:11:00 AM,11/21/2018 12:00:00 PM,11226
40990811,11/20/2018 08:09:00 AM,11/21/2018 12:00:00 PM,11694
40990812,11/20/2018 10:09:00 AM,11/21/2018 12:00:00 PM,11356
40990813,11/20/2018 08:18:00 AM,11/21/2018 12:00:00 PM,11204
40990814,11/20/2018 08:21:00 AM,11/21/2018 12:00:00 PM,11435
40990815,11/19/2018 01:37:00 PM,11/24/2018 12:00:00 PM,11215
40990818,11/20/2018 08:02:37 AM,11/20/2018 04:13:41 PM,10457
40990820,11/20/2018 05:34:02 PM,01/03/2019 12:00:00 AM,11001
40990821,11/20/2018 10:38:20 AM,11/28/2018 12:00:00 AM,11423
40990824,11/20/2018 06:49:42 PM,01/20/2019 06:19:28 AM,10025
40990828,11/20/2018 01:09:58 PM,11/26/2018 04:01:20 PM,11207
40990829,11/20/2018 02:07:37 PM,,11249
40990830,11/20/2018 02:23:52 PM,12/04/2018 02:19:17 PM,11101
40990831,11/20/2018 07:21:20 AM,,10306
40990832,11/21/2018 12:03:33 AM,11/21/2018 04:41:51 AM,10465
40990833,11/20/2018 01:43:08 PM,12/08/2018 12:30:39 PM,11237
40990834,11/20/2018 09:51:40 AM,11/23/2018 01:56:17 PM,11212
40990835,11/20/2018 03:35:01 PM,11/22/2018 12:15:53 PM,11208
40990836,11/20/2018 09:50:26 AM,12/13/2018 08:16:45 AM,11203
40990837,11/20/2018 08:38:24 PM,12/06/2018 02:06:33 AM,10457
40990838,11/20/2018 11:35:59 AM,12/03/2018 08:25:31 AM,11220
40990839,11/20/2018 08:51:33 PM,12/06/2018 08:53:09 AM,11226
40990840,11/20/2018 02:13:10 PM,12/03/2018 10:05:07 AM,10466
40990841,11/20/2018 01:07:59 PM,11/29/2018 11:29:51 AM,10033
40990842,11/20/2018 05:44:00 PM,12/01/2018 02:07:35 AM,10466
40990843,11/20/2018 09:14:32 PM,03/27/2019 12:00:00 AM,11222
40990844,11/20/2018 01:48:23 PM,,10013
40990846,11/20/2018 09:50:41 AM,11/24/2018 02:06:31 AM,11433
40990847,11/20/2018 03:56:46 AM,11/21/2018 11:05:37 AM,11235
40990848,11/20/2018 10:30:01 AM,11/23/2018 09:59:32 AM,10031
40990850,11/20/2018 01:15:55 AM,11/21/2018 03:34:08 PM,11226
40990851,11/20/2018 10:02:55 AM,11/21/2018 06:55:15 PM,10031
40990852,11/20/2018 03:46:01 PM,11/20/2018 09:27:40 PM,10032
40990853,11/20/2018 05:09:11 PM,11/26/2018 12:38:07 PM,11229
40990854,11/20/2018 03:05:39 PM,11/21/2018 04:12:39 PM,10010
40990855,11/20/2018 10:34:11 AM,11/20/2018 03:49:04 PM,10021
40990856,11/20/2018 08:29:08 PM,11/23/2018 02:37:50 PM,10011
40990857,11/20/2018 07:07:50 AM,11/22/2018 04:27:36 PM,10474
40990858,11/20/2018 10:48:13 AM,11/22/2018 02:04:55 AM,11355
40990859,11/20/2018 03:20:43 AM,11/21/2018 06:55:15 PM,10031
40990860,11/20/2018 02:51:05 AM,11/21/2018 06:55:15 PM,10031
40990861,11/20/2018 02:13:12 PM,11/24/2018 06:10:44 PM,11372
40990862,11/20/2018 08:57:56 AM,11/22/2018 02:10:07 AM,11106
40990865,11/20/2018 04:00:56 PM,11/22/2018 02:11:31 AM,10453
40990866,11/20/2018 01:00:28 PM,11/22/2018 02:12:23 AM,11235
40990867,11/19/2018 04:15:00 PM,11/20/2018 12:00:00 PM,10001
40990868,11/20/2018 07:22:48 PM,11/21/2018 04:39:30 PM,10456
40990869,11/20/2018 06:55:14 PM,11/21/2018 04:04:30 AM,11230
40990873,11/20/2018 09:59:29 PM,,10002
40990874,11/20/2018 12:08:53 PM,,10002
40990875,11/20/2018 09:20:04 PM,06/27/2019 03:33:17 PM,10016
40990881,11/20/2018 12:00:00 AM,11/30/2018 12:00:00 AM,11415
40990882,11/20/2018 12:00:00 AM,11/29/2018 12:00:00 AM,11238
40990884,11/20/2018 11:44:07 PM,11/21/2018 04:39:50 AM,10023
40990888,11/20/2018 11:54:00 AM,11/20/2018 11:54:00 AM,
40990893,11/20/2018 11:58:00 AM,11/20/2018 02:20:00 PM,11355
40990895,11/20/2018 06:08:30 PM,,10033
40990897,11/20/2018 03:29:47 PM,04/22/2019 08:58:28 AM,10456
40990899,11/20/2018 04:16:09 PM,11/24/2018 02:06:13 AM,10463
40990900,11/20/2018 09:18:15 PM,11/22/2018 12:15:54 PM,11207
40990902,11/20/2018 08:41:00 PM,11/20/2018 09:12:00 PM,11361
40990903,11/20/2018 08:38:00 PM,11/20/2018 09:11:00 PM,11361
40990904,11/20/2018 03:56:00 PM,11/20/2018 04:02:00 PM,11106
40990905,11/20/2018 11:25:17 PM,04/15/2019 06:04:25 PM,10458
40990906,11/20/2018 07:37:00 PM,11/30/2018 04:27:00 PM,10301
40990907,11/20/2018 08:35:34 AM,11/22/2018 02:12:32 AM,10310
40990908,11/20/2018 08:14:32 PM,11/23/2018 09:55:55 AM,10459
40990909,11/20/2018 03:12:02 PM,11/22/2018 02:12:46 AM,11201
40990910,11/20/2018 10:29:47 AM,11/22/2018 02:10:26 AM,11373
40990911,11/20/2018 05:03:22 AM,11/22/2018 02:11:22 AM,10467
40990912,11/20/2018 06:21:49 AM,11/22/2018 02:11:42 AM,10453
40990913,11/20/2018 06:50:45 AM,11/22/2018 02:10:16 AM,10033
40990914,11/20/2018 11:47:37 AM,11/21/2018 11:22:19 AM,10463
40990915,11/20/2018 09:29:12 PM,11/22/2018 02:12:23 AM,11210
40990916,11/20/2018 08:36:05 PM,11/21/2018 07:01:34 PM,10032
40990918,11/20/2018 11:30:13 AM,11/20/2018 09:48:04 PM,10031
40990920,11/20/2018 04:36:38 PM,11/22/2018 02:13:54 AM,10457
40990921,11/20/2018 09:13:41 PM,11/22/2018 02:09:59 AM,10457
40990922,11/20/2018 05:34:39 AM,11/21/2018 01:37:37 AM,11374
40990923,11/20/2018 07:54:46 PM,11/21/2018 12:44:42 AM,11414
40990924,11/20/2018 08:55:59 AM,11/20/2018 12:24:29 PM,11238
40990925,11/20/2018 11:40:38 PM,11/21/2018 05:45:16 AM,11356
40990926,11/20/2018 12:03:47 PM,11/20/2018 02:57:41 PM,11219
40990927,11/20/2018 08:09:37 AM,11/20/2018 03:02:29 PM,11417
40990928,11/20/2018 09:44:05 AM,11/20/2018 11:32:37 AM,11385
40990929,11/20/2018 07:26:15 PM,11/21/2018 01:15:16 AM,11217
40990930,11/20/2018 02:28:55 PM,11/20/2018 10:53:11 PM,11366
40990931,11/20/2018 05:20:08 PM,11/20/2018 09:21:51 PM,11219
40990932,11/20/2018 12:10:44 PM,11/20/2018 06:49:09 PM,11221
40990933,11/20/2018 08:00:22 AM,11/20/2018 08:57:55 PM,11213
40990934,11/20/2018 06:49:24 PM,11/22/2018 02:12:40 AM,11218
40990935,11/20/2018 01:22:23 PM,11/22/2018 02:12:38 AM,11225
40990936,11/20/2018 09:58:48 PM,11/22/2018 02:13:29 AM,11236
40990937,11/20/2018 05:58:27 AM,11/22/2018 02:10:03 AM,11385
40990938,11/20/2018 02:21:12 PM,11/21/2018 03:17:03 PM,10016
40990939,11/20/2018 12:15:02 PM,11/21/2018 06:55:41 PM,10023
40990940,11/20/2018 10:12:11 AM,11/22/2018 02:12:23 AM,11230
40990941,11/20/2018 09:35:58 AM,11/20/2018 10:50:08 AM,11231
40990942,11/20/2018 05:28:03 PM,11/20/2018 07:05:38 PM,11375
40990945,11/20/2018 04:13:00 AM,11/20/2018 12:00:00 PM,11233
40990946,11/20/2018 09:38:38 AM,,11432
40990947,11/20/2018 04:09:29 PM,12/06/2018 08:52:57 AM,10029
40990948,11/20/2018 10:36:44 AM,12/08/2018 09:30:07 AM,10001
40990951,11/20/2018 02:33:32 PM,12/10/2018 08:22:31 AM,11226
40990952,11/20/2018 08:42:00 PM,11/28/2018 12:00:00 AM,11209
40990953,11/20/2018 08:38:00 PM,11/22/2018 12:00:00 AM,10022
40990954,11/21/2018 01:28:00 AM,12/01/2018 12:00:00 AM,11417
40990957,11/20/2018 12:00:00 AM,11/20/2018 12:00:00 AM,11375
40990958,11/20/2018 09:09:03 AM,11/30/2018 03:00:04 PM,11385
40990960,11/20/2018 04:39:00 PM,11/29/2018 12:00:00 AM,11413
40990961,11/20/2018 03:57:00 PM,11/27/2018 12:00:00 AM,11434
40990962,11/20/2018 03:32:00 PM,11/22/2018 12:00:00 AM,11221
40990963,11/20/2018 02:55:00 PM,11/22/2018 12:00:00 AM,11373
40990964,11/20/2018 01:48:00 PM,11/28/2018 12:00:00 AM,11103
40990965,11/20/2018 04:11:51 AM,12/10/2018 08:22:30 AM,11235
40990967,11/20/2018 01:24:47 PM,12/04/2018 12:00:00 AM,11208
40990968,11/20/2018 05:01:54 PM,11/22/2018 02:12:00 AM,11374
40990969,11/20/2018 05:03:11 AM,11/21/2018 04:47:22 PM,10451
40990970,11/20/2018 09:03:51 AM,11/26/2018 10:38:28 AM,11420
40990971,11/20/2018 11:03:32 AM,04/08/2019 10:07:39 AM,10032
40990972,11/20/2018 01:30:00 PM,11/25/2018 12:00:00 AM,11364
40990973,11/20/2018 01:16:00 PM,11/22/2018 12:00:00 AM,11223
40990974,11/20/2018 12:49:00 PM,11/29/2018 12:00:00 AM,10314
40990975,11/20/2018 12:21:00 PM,11/27/2018 12:00:00 AM,11210
40990976,11/20/2018 10:30:00 AM,11/30/2018 12:00:00 AM,11368
40990977,11/20/2018 10:09:00 AM,11/25/2018 12:00:00 AM,11419
40990978,11/20/2018 09:16:00 AM,11/25/2018 12:00:00 AM,11229
40990979,11/20/2018 07:17:00 AM,11/25/2018 12:00:00 AM,10463
40990980,11/20/2018 06:19:00 PM,11/22/2018 12:00:00 AM,10466
40990981,11/20/2018 08:43:00 PM,11/20/2018 09:12:00 PM,11361
40990982,11/20/2018 11:05:19 PM,11/27/2018 10:34:58 AM,11213
40990986,11/20/2018 06:24:43 AM,11/20/2018 07:47:47 AM,10314
40990991,11/20/2018 04:04:00 PM,11/20/2018 05:11:00 PM,11208
40990992,11/20/2018 12:12:00 PM,11/20/2018 08:30:00 PM,11385
40990994,11/20/2018 11:52:48 AM,11/21/2018 08:48:12 AM,11374
40990995,11/20/2018 04:56:41 PM,11/20/2018 10:50:09 PM,11422
40990996,11/20/2018 09:35:53 AM,11/30/2018 02:11:29 AM,11211
40990997,11/20/2018 08:30:20 PM,11/29/2018 04:11:20 PM,11235
40990999,11/20/2018 03:11:03 PM,12/03/2018 08:25:12 AM,10460
40991002,11/20/2018 05:57:24 AM,11/20/2018 08:52:00 AM,11357
40991003,11/20/2018 10:54:34 PM,11/21/2018 12:23:27 AM,11693
40991004,11/21/2018 01:00:54 AM,11/21/2018 02:27:28 AM,10040
40991005,11/20/2018 07:04:26 PM,11/20/2018 10:57:18 PM,10465
40991006,11/20/2018 07:36:00 PM,11/20/2018 08:03:00 PM,11101
40991007,11/20/2018 05:41:52 AM,11/20/2018 09:56:55 AM,11235
40991008,11/21/2018 02:00:48 AM,11/21/2018 03:01:57 AM,11373
40991009,11/20/2018 04:23:04 PM,11/21/2018 04:03:29 AM,11230
40991010,11/20/2018 06:19:42 PM,11/28/2018 10:39:36 AM,11216
40991011,11/20/2018 10:52:30 PM,11/20/2018 11:14:36 PM,11235
40991012,11/20/2018 09:44:40 AM,11/20/2018 02:50:18 PM,11238
40991013,11/20/2018 09:36:05 PM,11/21/2018 04:05:31 AM,11230
40991014,11/20/2018 07:22:00 AM,11/23/2018 12:00:00 PM,Etc) (NR10)"
40991015,11/20/2018 12:20:58 PM,11/20/2018 03:06:45 PM,11217
40991016,11/20/2018 01:00:26 PM,11/20/2018 05:08:11 PM,10457
40991017,11/20/2018 01:36:37 PM,11/20/2018 08:12:47 PM,11435
40991018,11/21/2018 12:00:00 AM,12/04/2018 12:00:00 AM,11215
40991019,11/20/2018 09:03:51 AM,11/26/2018 10:38:28 AM,11420
40991021,11/20/2018 04:18:56 PM,11/20/2018 09:15:46 PM,11219
40991023,11/21/2018 12:14:40 AM,11/21/2018 04:45:55 AM,11228
40991024,11/20/2018 06:32:15 AM,11/25/2018 08:48:40 AM,11204
40991025,11/20/2018 11:44:26 PM,11/21/2018 03:39:18 AM,11385
40991026,11/20/2018 08:35:48 AM,12/19/2018 02:03:29 AM,10456
40991027,11/20/2018 07:37:32 PM,11/30/2018 01:13:39 PM,11217
40991029,11/21/2018 01:10:15 AM,11/21/2018 01:44:17 PM,11414
40991032,11/20/2018 12:22:19 PM,11/29/2018 01:19:11 PM,11219
40991034,11/19/2018 06:56:00 PM,11/19/2018 06:56:00 PM,11413
40991035,11/20/2018 10:15:00 AM,11/20/2018 12:00:00 PM,11208
40991038,11/20/2018 11:25:00 AM,11/20/2018 12:00:00 PM,11215
40991039,11/20/2018 10:25:09 AM,11/26/2018 02:11:58 PM,11207
40991040,11/20/2018 12:59:42 PM,12/07/2018 10:08:57 AM,11221
40991041,11/20/2018 06:16:42 PM,12/07/2018 06:12:35 AM,10461
40991042,11/20/2018 09:04:19 AM,12/08/2018 09:28:06 AM,11361
40991043,11/20/2018 08:44:00 PM,11/27/2018 12:00:00 AM,11209
40991044,11/20/2018 07:54:00 PM,11/25/2018 12:00:00 AM,11356
40991045,11/20/2018 09:48:00 AM,11/20/2018 09:55:00 AM,10314
40991046,11/20/2018 09:38:00 AM,11/20/2018 09:52:00 AM,10314
40991047,11/20/2018 09:27:00 AM,11/20/2018 09:29:00 AM,10314
40991048,11/20/2018 10:27:27 AM,11/26/2018 02:07:39 AM,10026
40991049,11/21/2018 01:35:00 AM,12/08/2018 12:00:00 AM,11417
40991050,11/20/2018 11:29:00 PM,11/30/2018 12:00:00 AM,11229
40991051,11/20/2018 11:08:00 PM,11/22/2018 12:00:00 AM,11378
40991052,11/20/2018 09:45:00 PM,11/20/2018 10:30:00 PM,11427
40991053,11/20/2018 01:48:00 PM,11/20/2018 06:20:00 PM,10453
40991054,11/20/2018 10:07:17 AM,12/11/2018 04:18:13 PM,11370
40991055,11/20/2018 04:16:18 PM,12/14/2018 12:05:44 PM,11235
40991056,11/20/2018 04:22:00 PM,11/24/2018 12:00:00 AM,11229
40991057,11/20/2018 03:38:00 PM,11/27/2018 12:00:00 AM,11379
40991058,11/20/2018 12:24:49 PM,11/28/2018 02:05:30 AM,11207
40991059,11/20/2018 12:10:31 PM,11/26/2018 02:20:04 PM,10033
40991060,11/20/2018 02:30:00 PM,11/27/2018 12:00:00 AM,11367
40991061,11/20/2018 12:41:00 PM,11/24/2018 12:00:00 AM,11423
40991062,11/20/2018 12:23:00 PM,11/25/2018 12:00:00 AM,11365
40991063,11/20/2018 12:17:00 PM,11/24/2018 12:00:00 AM,11378
40991064,11/20/2018 12:04:00 PM,11/22/2018 12:00:00 AM,11420
40991065,11/20/2018 11:56:00 AM,11/25/2018 12:00:00 AM,11233
40991066,11/20/2018 10:27:00 AM,11/27/2018 12:00:00 AM,11368
40991067,11/20/2018 10:02:00 AM,11/25/2018 12:00:00 AM,11233
40991069,11/20/2018 08:28:00 AM,11/27/2018 12:00:00 AM,10303
40991070,11/20/2018 08:16:00 AM,11/22/2018 12:00:00 AM,10024
40991071,11/20/2018 11:58:05 AM,01/14/2019 10:19:00 AM,11434
40991072,11/20/2018 07:09:00 AM,11/27/2018 12:00:00 AM,11209
40991074,11/20/2018 12:47:48 PM,11/28/2018 02:06:02 AM,10460
40991075,11/20/2018 07:07:00 PM,11/25/2018 12:00:00 AM,11378
40991076,11/20/2018 06:36:00 PM,11/22/2018 12:00:00 AM,10466
40991077,11/20/2018 09:06:17 PM,12/07/2018 08:52:59 PM,11225
40991078,11/20/2018 09:58:23 AM,12/03/2018 01:57:47 PM,10468
40991079,11/20/2018 10:23:30 AM,12/05/2018 08:40:12 AM,11223
40991086,11/20/2018 02:47:19 PM,01/07/2019 08:26:03 AM,10462
40991088,11/20/2018 01:13:00 PM,11/21/2018 12:00:00 PM,11218
40991089,11/20/2018 02:28:31 PM,11/20/2018 09:22:51 PM,11204
40991090,11/20/2018 11:25:17 PM,04/15/2019 06:04:24 PM,10458
40991092,11/20/2018 10:09:00 AM,11/21/2018 12:45:00 PM,10031
40991093,11/20/2018 11:13:25 AM,12/13/2018 02:09:50 PM,11249
40991094,11/20/2018 09:12:00 AM,11/23/2018 12:15:00 PM,11219
40991095,11/20/2018 04:58:40 PM,,11209
40991096,11/19/2018 03:14:00 PM,11/20/2018 12:00:00 PM,11225
40991098,11/20/2018 12:25:17 PM,12/07/2018 06:44:45 AM,10035
40991099,11/20/2018 02:26:22 PM,11/28/2018 02:36:46 PM,10471
40991100,11/20/2018 10:28:53 PM,12/06/2018 02:04:09 AM,11203
40991101,11/20/2018 07:08:21 AM,11/20/2018 04:39:59 PM,11377
40991102,11/20/2018 11:45:00 AM,11/20/2018 11:45:00 AM,11204
40991103,11/20/2018 11:39:00 AM,11/20/2018 11:39:00 AM,11239
40991104,11/20/2018 10:12:23 AM,12/12/2018 09:39:27 AM,11218
40991105,11/20/2018 08:59:47 PM,11/21/2018 12:43:42 AM,11372
40991106,11/20/2018 10:49:08 PM,11/21/2018 02:03:02 AM,11368
40991107,11/20/2018 11:47:11 PM,11/21/2018 07:06:10 AM,10034
40991108,11/20/2018 03:07:40 AM,11/20/2018 03:29:45 AM,10034
40991109,11/21/2018 12:25:37 AM,11/21/2018 01:27:31 AM,10010
40991110,11/20/2018 02:39:04 AM,11/20/2018 05:34:40 AM,10463
40991111,11/20/2018 09:58:37 PM,12/06/2018 10:28:32 AM,11211
40991112,11/20/2018 08:46:22 AM,11/20/2018 10:08:45 AM,11219
40991113,11/20/2018 04:27:47 AM,11/20/2018 05:51:47 AM,10030
40991114,11/20/2018 07:14:30 AM,11/20/2018 01:11:14 PM,10009
40991117,11/21/2018 02:08:49 AM,11/21/2018 06:27:35 AM,11230
40991118,11/20/2018 11:20:36 AM,12/04/2018 05:54:57 PM,11691
40991119,11/20/2018 12:50:19 PM,12/01/2018 12:00:00 AM,11354
40991120,11/20/2018 02:16:14 PM,12/28/2018 12:00:00 AM,11220
40991121,11/20/2018 05:05:58 PM,11/20/2018 10:40:01 PM,10468
40991122,11/20/2018 10:49:46 PM,11/21/2018 12:46:44 AM,10473
40991123,11/20/2018 09:53:49 PM,11/20/2018 10:41:03 PM,11212
40991124,11/19/2018 08:18:43 PM,11/30/2018 12:00:00 AM,11385
40991125,11/20/2018 05:31:21 PM,02/05/2019 12:00:00 AM,11234
40991126,11/20/2018 11:38:27 PM,11/21/2018 02:54:52 AM,10039
40991127,11/21/2018 01:52:27 AM,11/21/2018 06:36:49 AM,10040
40991128,11/20/2018 07:58:52 PM,11/21/2018 02:45:45 AM,10035
40991129,11/20/2018 08:47:10 AM,12/17/2018 12:00:00 AM,11379
40991131,11/20/2018 12:22:19 PM,11/29/2018 01:19:10 PM,11219
40991132,11/20/2018 05:17:00 AM,11/20/2018 12:00:00 PM,11356
40991133,11/20/2018 08:14:43 AM,11/20/2018 02:36:52 PM,10031
40991134,11/20/2018 08:11:54 PM,11/20/2018 09:37:02 PM,10304
40991135,11/20/2018 10:51:39 PM,12/07/2018 01:25:01 PM,11205
40991137,11/20/2018 01:39:40 PM,11/20/2018 06:17:38 PM,10462
40991138,11/20/2018 09:09:19 AM,11/22/2018 02:10:31 AM,10027
40991141,11/20/2018 11:59:00 AM,11/23/2018 12:00:00 PM,11436
40991142,11/20/2018 09:28:00 AM,11/20/2018 09:33:00 AM,10314
40991143,11/20/2018 02:26:22 PM,11/28/2018 02:36:45 PM,10471
40991144,11/20/2018 10:34:00 AM,11/23/2018 12:00:00 PM,10470
40991145,11/20/2018 09:37:00 AM,11/23/2018 12:00:00 PM,11435
40991146,11/20/2018 12:17:00 PM,11/30/2018 12:56:23 PM,10458
40991147,11/20/2018 01:01:17 PM,12/11/2018 04:08:59 PM,11230
40991150,11/20/2018 11:27:00 AM,11/20/2018 07:49:00 PM,11217
40991151,11/20/2018 09:11:20 AM,11/23/2018 11:48:06 AM,11420
40991152,11/20/2018 10:20:13 AM,11/28/2018 10:15:31 AM,10452
40991153,11/20/2018 06:21:55 AM,11/20/2018 07:55:38 AM,10024
40991154,11/20/2018 11:29:50 AM,12/29/2018 02:05:32 AM,10472
40991155,11/20/2018 04:42:16 PM,01/13/2019 10:48:30 AM,11216
40991159,11/20/2018 11:47:15 AM,12/03/2018 11:25:00 AM,11235
40991160,11/20/2018 11:35:59 AM,12/03/2018 08:25:31 AM,11220
40991161,11/20/2018 08:32:21 AM,11/25/2018 10:47:53 AM,10458
40991162,11/20/2018 07:47:11 AM,03/04/2019 08:41:50 AM,10454
40991163,11/20/2018 11:50:00 AM,11/20/2018 11:50:00 AM,11221
40991164,11/20/2018 09:09:05 PM,04/15/2019 11:47:58 AM,10024
40991169,11/20/2018 09:18:00 AM,11/21/2018 12:00:00 PM,11214
40991170,11/20/2018 02:09:53 PM,12/18/2018 03:15:33 PM,10460
40991171,11/20/2018 01:33:19 AM,12/17/2018 09:38:53 AM,10467
40991172,11/20/2018 09:51:00 AM,11/23/2018 11:45:00 AM,10029
40991173,11/20/2018 09:51:20 AM,02/25/2019 08:49:18 AM,10455
40991174,11/20/2018 01:31:02 PM,12/20/2018 09:40:27 AM,10025
40991175,11/20/2018 12:43:22 PM,12/21/2018 08:52:21 AM,10459
40991176,11/20/2018 06:45:40 AM,11/21/2018 03:48:40 PM,11691
40991177,11/20/2018 02:26:22 PM,11/28/2018 02:36:46 PM,10471
40991178,11/20/2018 01:56:50 PM,11/20/2018 02:01:06 PM,10001
40991179,11/20/2018 11:07:00 AM,11/21/2018 12:00:00 PM,10472
40991181,11/20/2018 10:24:28 PM,11/21/2018 12:28:32 AM,11209
40991182,11/20/2018 02:14:55 AM,11/20/2018 03:17:39 AM,10024
40991183,11/20/2018 11:02:16 PM,11/21/2018 12:02:13 AM,10012
40991185,11/21/2018 12:37:15 AM,11/21/2018 01:55:56 AM,11377
40991186,11/20/2018 08:06:00 PM,11/21/2018 12:42:41 AM,11368
40991188,11/20/2018 10:39:36 PM,11/21/2018 03:59:25 AM,10465
40991189,11/20/2018 04:10:30 PM,11/20/2018 04:55:33 PM,10024
40991191,11/20/2018 04:02:15 PM,11/21/2018 04:32:24 PM,10452
40991193,11/20/2018 09:00:11 PM,11/21/2018 01:38:40 AM,11103
40991194,11/20/2018 11:27:19 PM,11/21/2018 05:05:11 AM,11434
40991195,11/20/2018 10:53:00 AM,11/20/2018 11:01:00 AM,10314
40991196,11/20/2018 06:17:49 PM,11/20/2018 07:23:57 PM,10468
40991197,11/20/2018 09:57:00 AM,11/20/2018 11:47:32 AM,11214
40991198,11/20/2018 07:11:20 PM,11/20/2018 10:54:12 PM,11420
40991202,11/20/2018 10:10:11 PM,11/20/2018 10:52:10 PM,10027
40991203,11/20/2018 09:31:37 PM,11/20/2018 10:59:20 PM,10301
40991204,11/20/2018 05:45:52 PM,11/21/2018 12:56:51 AM,11433
40991205,11/20/2018 04:48:08 PM,11/20/2018 05:49:52 PM,11418
40991206,11/20/2018 11:33:09 AM,11/20/2018 10:53:11 PM,11432
40991207,11/21/2018 12:51:18 AM,11/21/2018 04:07:35 AM,10454
40991208,11/20/2018 08:26:41 AM,11/21/2018 04:31:23 PM,10452
40991209,11/20/2018 05:59:53 PM,12/27/2018 12:00:00 AM,11104
40991210,11/20/2018 05:28:21 PM,12/11/2018 12:00:00 AM,10461
40991211,11/20/2018 12:16:08 PM,11/20/2018 07:37:10 PM,10468
40991212,11/21/2018 12:51:25 AM,11/21/2018 02:03:02 AM,11104
40991213,11/20/2018 08:47:00 PM,11/21/2018 09:53:00 AM,11234
40991214,11/20/2018 10:08:41 PM,11/20/2018 11:15:37 PM,10025
40991215,11/20/2018 11:08:00 AM,03/19/2019 08:43:00 AM,11215
40991216,11/20/2018 10:47:00 AM,05/03/2019 11:20:00 AM,11204
40991217,11/20/2018 12:00:00 AM,11/26/2018 12:00:00 AM,11210
40991218,11/20/2018 12:00:00 AM,11/29/2018 12:00:00 AM,11216
40991220,11/20/2018 09:05:00 AM,11/20/2018 03:26:00 PM,
40991221,11/20/2018 03:30:06 PM,11/20/2018 04:50:17 PM,10016
40991223,11/20/2018 07:48:47 AM,11/20/2018 11:44:20 AM,10022
40991224,11/20/2018 05:16:23 PM,11/20/2018 05:47:51 PM,10011
40991225,11/20/2018 11:49:00 AM,11/20/2018 11:49:00 AM,11233
40991226,11/20/2018 03:15:35 PM,12/16/2018 10:09:21 AM,10023
40991227,11/20/2018 12:08:00 PM,11/23/2018 12:00:00 PM,11413
40991229,11/20/2018 01:35:18 PM,02/21/2019 12:00:00 AM,10470
40991230,11/20/2018 02:28:33 AM,,10011
40991232,11/20/2018 01:19:54 PM,11/20/2018 03:20:55 PM,10007
40991233,11/20/2018 07:46:08 AM,11/20/2018 03:03:35 PM,10466
40991234,11/20/2018 10:14:25 AM,11/20/2018 01:09:09 PM,11368
40991236,11/20/2018 10:40:20 AM,11/24/2018 03:41:31 PM,10023
40991237,11/20/2018 10:31:06 AM,11/28/2018 03:04:19 PM,11209
40991242,11/20/2018 05:33:18 PM,11/20/2018 10:28:48 PM,11432
40991245,11/20/2018 02:46:55 PM,11/20/2018 09:06:39 PM,11203
40991246,11/20/2018 10:59:17 AM,11/20/2018 11:44:20 AM,11236
40991247,11/20/2018 12:07:00 PM,11/27/2018 12:49:00 PM,11218
40991248,11/20/2018 08:31:11 AM,11/23/2018 11:32:59 AM,11360
40991251,11/21/2018 01:18:27 AM,11/21/2018 02:33:33 AM,11378
40991252,11/20/2018 02:59:13 AM,11/20/2018 05:43:44 AM,11203
40991253,11/20/2018 03:41:56 AM,11/20/2018 06:28:40 AM,11230
40991254,11/20/2018 03:57:52 PM,11/20/2018 05:36:42 PM,11356
40991255,11/21/2018 12:17:00 AM,12/03/2018 08:00:00 PM,
40991256,11/20/2018 05:44:00 PM,11/28/2018 11:25:00 PM,10452
40991257,11/20/2018 07:57:00 AM,11/26/2018 10:05:00 PM,
40991259,11/20/2018 02:37:03 PM,11/20/2018 10:36:56 PM,10001
40991260,11/20/2018 07:45:01 AM,11/20/2018 12:16:54 PM,11205
40991261,11/20/2018 10:56:55 AM,09/25/2019 02:16:56 PM,11217
40991262,11/20/2018 08:51:58 AM,11/27/2018 08:59:20 AM,10036
40991263,11/20/2018 10:04:09 AM,,11201
40991264,11/20/2018 01:13:00 PM,11/20/2018 01:13:00 PM,10024
40991266,11/20/2018 12:54:00 PM,11/23/2018 01:19:00 PM,10308
40991267,11/20/2018 12:27:00 PM,12/14/2018 12:00:00 PM,11204
40991268,11/20/2018 11:46:00 AM,12/14/2018 12:00:00 PM,11204
40991272,11/20/2018 04:44:24 PM,03/30/2019 12:00:00 AM,11417
40991273,11/20/2018 05:08:01 PM,07/03/2019 12:00:00 AM,11216
40991274,11/20/2018 01:12:00 PM,11/20/2018 01:12:00 PM,11436
40991276,11/20/2018 01:04:00 AM,11/20/2018 12:00:00 PM,11231
40991277,11/20/2018 12:23:00 PM,11/28/2018 12:00:00 PM,10471
40991278,11/19/2018 04:43:00 PM,12/03/2018 12:00:00 PM,Sidewalk
40991279,11/19/2018 05:14:00 PM,11/20/2018 12:00:00 PM,10312
40991280,11/19/2018 03:11:00 PM,11/20/2018 12:00:00 PM,11356
40991281,11/19/2018 01:11:00 PM,11/23/2018 12:00:00 PM,11432
40991282,11/20/2018 09:04:00 AM,11/23/2018 12:00:00 PM,11236
40991283,11/20/2018 10:49:00 AM,11/23/2018 12:00:00 PM,10021
40991288,11/20/2018 10:49:48 AM,11/26/2018 09:17:10 AM,11412
40991290,11/20/2018 07:59:03 AM,11/26/2018 12:00:00 AM,10458
40991293,11/20/2018 03:23:00 AM,11/23/2018 06:50:00 PM,10001
40991294,11/20/2018 01:45:00 AM,11/22/2018 02:30:00 AM,11428
40991296,11/20/2018 09:29:00 AM,11/20/2018 09:29:00 AM,11203
40991298,11/20/2018 04:51:06 PM,11/21/2018 07:02:49 PM,11218
40991300,11/20/2018 10:37:54 AM,05/25/2019 12:00:00 AM,11432
40991303,11/20/2018 10:34:00 AM,11/21/2018 10:18:00 AM,10025
40991304,11/20/2018 08:10:00 PM,11/21/2018 09:12:00 AM,
40991305,11/20/2018 07:14:00 PM,11/21/2018 09:08:00 AM,
40991307,11/20/2018 11:40:00 PM,11/29/2018 10:45:00 PM,10005
40991308,11/20/2018 09:30:00 AM,11/26/2018 12:00:00 PM,10038
40991309,11/20/2018 09:40:18 PM,11/29/2018 01:00:42 PM,11385
40991315,11/20/2018 10:37:00 AM,11/20/2018 12:10:00 PM,11215
40991317,11/20/2018 02:00:00 PM,11/20/2018 09:40:00 PM,11233
40991318,11/20/2018 01:45:00 PM,11/20/2018 06:25:00 PM,11237
40991325,11/20/2018 12:15:00 PM,11/20/2018 12:15:00 PM,10459
40991326,11/20/2018 07:14:00 AM,11/20/2018 12:00:00 PM,10473
40991327,11/20/2018 12:34:14 PM,12/03/2018 10:33:43 AM,11206
40991328,11/20/2018 11:44:46 AM,11/27/2018 10:43:33 AM,11228
40991329,11/20/2018 08:07:03 AM,05/09/2019 10:45:35 AM,11236
40991330,11/20/2018 03:54:16 PM,01/20/2019 06:19:27 AM,11103
40991331,11/20/2018 05:33:00 AM,12/04/2018 07:00:00 AM,10001
40991333,11/19/2018 07:11:00 PM,11/21/2018 12:00:00 PM,11236
40991334,11/20/2018 08:27:00 AM,11/20/2018 12:00:00 PM,10470
40991335,11/20/2018 09:17:00 AM,11/21/2018 12:00:00 PM,11101
40991336,11/20/2018 07:51:00 AM,11/21/2018 12:00:00 PM,11356
40991337,11/20/2018 09:36:07 AM,11/24/2018 03:28:18 PM,10011
40991338,11/20/2018 09:20:56 AM,11/28/2018 02:41:31 PM,11361
40991342,11/20/2018 02:25:19 AM,11/20/2018 05:33:39 AM,10463
40991343,11/20/2018 06:26:17 PM,11/20/2018 07:07:40 PM,10013
40991344,11/20/2018 11:13:19 AM,11/20/2018 03:03:33 PM,11366
40991345,11/20/2018 05:54:00 PM,11/21/2018 09:04:00 AM,
40991346,11/20/2018 05:04:56 PM,11/21/2018 11:15:33 AM,Street
40991348,11/20/2018 08:56:00 AM,11/21/2018 12:00:00 PM,11356
40991349,11/20/2018 11:16:00 AM,11/20/2018 12:00:00 PM,11366
40991350,11/20/2018 11:23:00 AM,11/26/2018 12:00:00 PM,10305
40991351,11/19/2018 03:09:00 PM,11/21/2018 12:00:00 PM,10314
40991353,11/19/2018 09:07:28 PM,11/26/2018 12:00:00 AM,11426
40991354,11/20/2018 05:46:44 PM,12/14/2018 12:00:00 AM,11370
40991355,11/20/2018 08:17:30 AM,12/03/2018 12:00:00 AM,11379
40991356,11/20/2018 11:36:02 AM,11/26/2018 12:00:00 AM,11357
40991357,11/20/2018 05:59:30 PM,11/21/2018 12:00:00 AM,10036
40991358,11/20/2018 02:20:32 AM,11/20/2018 05:37:41 AM,10019
40991359,11/20/2018 10:05:00 AM,11/21/2018 02:30:00 PM,11428
40991360,11/20/2018 08:47:00 AM,11/20/2018 12:01:00 PM,10017
40991362,11/20/2018 11:23:38 AM,11/21/2018 09:11:42 AM,11238
40991363,11/20/2018 11:21:36 AM,11/21/2018 03:34:55 PM,11229
40991364,11/20/2018 11:13:21 AM,11/28/2018 08:56:12 AM,10002
40991365,11/20/2018 08:28:00 PM,11/20/2018 11:00:00 PM,10305
40991366,11/20/2018 01:55:00 PM,11/20/2018 05:10:00 PM,11234
40991367,11/20/2018 02:56:38 PM,11/26/2018 08:59:12 AM,11413
40991368,11/19/2018 02:42:00 PM,11/19/2018 02:42:00 PM,10468
40991369,11/20/2018 08:54:00 AM,11/20/2018 12:00:00 PM,11238
40991370,11/20/2018 12:35:00 PM,11/20/2018 12:35:00 PM,11416
40991373,11/20/2018 08:48:17 AM,11/20/2018 08:56:07 AM,10021
40991375,11/20/2018 10:00:06 AM,12/17/2018 04:01:14 PM,11238
40991376,11/20/2018 09:55:10 AM,08/26/2019 11:31:46 AM,11234
40991377,11/20/2018 03:27:51 PM,04/01/2019 11:25:58 AM,11204
40991378,11/20/2018 07:37:14 PM,11/21/2018 12:25:01 PM,11368
40991379,11/20/2018 09:35:00 AM,11/23/2018 12:00:00 PM,10309
40991380,11/20/2018 01:38:54 PM,12/07/2018 03:02:41 PM,11217
40991385,11/20/2018 08:12:00 AM,11/21/2018 12:00:00 PM,10467
40991386,11/20/2018 11:37:00 AM,11/29/2018 12:00:00 PM,11435
40991387,11/20/2018 08:04:04 AM,01/30/2019 12:00:00 AM,10475
40991388,11/19/2018 07:41:59 PM,11/26/2018 12:00:00 AM,11235
40991389,11/20/2018 06:56:32 AM,11/20/2018 08:08:17 AM,11102
40991398,11/20/2018 08:58:04 AM,11/30/2018 02:01:08 PM,11357
40991399,11/20/2018 07:32:38 PM,12/05/2018 02:00:39 PM,11358
40991400,11/20/2018 10:02:14 AM,12/10/2018 02:24:42 PM,11216
40991401,11/21/2018 01:06:56 AM,11/21/2018 05:34:12 AM,10038
40991404,11/20/2018 11:30:00 PM,11/21/2018 10:00:00 AM,
40991405,11/20/2018 01:45:00 AM,01/04/2019 12:00:00 AM,11215
40991411,11/20/2018 08:20:05 AM,11/20/2018 02:29:36 PM,10457
40991412,11/20/2018 11:05:19 PM,11/27/2018 10:34:58 AM,11213
40991413,11/20/2018 12:06:56 PM,12/17/2018 09:39:20 AM,11216
40991414,11/20/2018 04:14:05 PM,12/03/2018 04:23:05 PM,10472
40991415,11/20/2018 09:21:07 AM,11/29/2018 11:47:52 AM,10011
40991416,11/20/2018 04:09:29 PM,12/06/2018 08:52:57 AM,10029
40991417,11/20/2018 01:42:22 PM,03/19/2019 12:00:00 AM,10457
40991418,11/20/2018 10:59:46 AM,02/11/2019 11:14:42 AM,10452
40991419,11/20/2018 12:44:29 PM,11/28/2018 12:41:37 PM,10453
40991420,11/20/2018 04:11:51 AM,12/10/2018 08:22:30 AM,11235
40991421,11/20/2018 03:59:48 PM,11/23/2018 09:35:55 AM,11692
40991422,11/20/2018 12:37:41 PM,03/06/2019 08:17:58 PM,10023
40991423,11/20/2018 09:18:52 AM,11/21/2018 04:11:38 PM,10128
40991424,11/20/2018 10:13:45 AM,11/26/2018 08:51:59 AM, Stopping"
40991428,11/20/2018 06:37:09 PM,12/10/2018 09:41:34 AM,11374
40991429,11/20/2018 01:38:23 AM,11/20/2018 01:46:08 PM,10460
40991430,11/20/2018 09:16:16 PM,12/07/2018 10:08:57 AM,11201
40991431,11/20/2018 02:20:06 PM,12/07/2018 10:58:27 AM,10460
40991432,11/20/2018 06:56:59 PM,11/25/2018 02:06:04 AM,11418
40991433,11/20/2018 05:10:18 AM,11/22/2018 02:11:25 AM,10472
40991434,11/20/2018 03:07:05 PM,11/24/2018 02:06:39 AM,11691
40991435,11/20/2018 03:08:37 PM,11/22/2018 02:12:10 AM,11421
40991436,11/20/2018 07:42:29 AM,11/22/2018 02:07:33 AM,11226
40991437,11/20/2018 10:14:06 AM,11/21/2018 02:09:21 AM,10022
40991438,11/20/2018 08:55:24 AM,11/23/2018 02:12:06 PM,10462
40991439,11/20/2018 08:35:03 PM,11/22/2018 02:04:55 AM,11358
40991440,11/20/2018 09:24:03 PM,11/26/2018 04:58:48 PM,10467
40991441,11/20/2018 06:51:59 PM,11/22/2018 12:48:33 PM,11203
40991442,11/20/2018 06:47:36 PM,11/22/2018 02:04:43 AM,11218
40991443,11/20/2018 09:00:59 PM,11/22/2018 02:10:13 AM,11419
40991444,11/20/2018 09:46:25 PM,11/21/2018 02:08:18 AM,11203
40991445,11/20/2018 01:15:00 PM,11/23/2018 12:00:00 PM,11356
40991446,11/19/2018 09:23:00 PM,11/26/2018 12:00:00 PM,10307
40991447,11/19/2018 06:57:00 PM,11/24/2018 12:00:00 PM,11691
40991448,11/19/2018 05:27:00 PM,11/20/2018 12:00:00 PM,11221
